<?xml version="1.0" encoding="UTF-8"?>
<metadata xml:lang="en"><Esri><CreaDate>20200510</CreaDate><CreaTime>00263800</CreaTime><ArcGISFormat>1.0</ArcGISFormat><SyncOnce>TRUE</SyncOnce><DataProperties><itemProps><itemLocation><linkage Sync="TRUE">file://\\DESKTOP-NM7JTL8\C$\Users\Erin\OneDrive\Documents\380 Final Project\Zoning_and_Overlays\pedestrian-crashes-chapel-hill-region</linkage><protocol Sync="TRUE">Local Area Network</protocol></itemLocation></itemProps><copyHistory><copy source="C:\Users\Erin\OneDrive\Documents\380 Final Project\pedestrian-crashes-chapel-hill-region" dest="\\DESKTOP-NM7JTL8\C$\Users\Erin\OneDrive\Documents\380 Final Project\Zoning_and_Overlays\pedestrian-crashes-chapel-hill-region" date="20200510" time="00263800"></copy></copyHistory></DataProperties></Esri></metadata>
